,Train Score,Validation Score
XGBRegressor,0.8644958781729638,0.7354103779623373
SVR,0.8429902972477341,0.721942461322582
LGBMRegressor,0.8862932803443575,0.714098883139357
RandomForestRegressor,0.9588156257277044,0.6906895614193096
LinearRegression,0.6080548251183169,0.5893591339105917
KNeighborsRegressor,0.5861415740106848,0.5792523668446823
