,Train Score,Validation Score
SVR,0.8770863304038584,0.8318317264869853
RandomForestRegressor,0.9532739497958397,0.8209206966235089
LGBMRegressor,0.8516888513978881,0.8160969718425184
XGBRegressor,0.807304550552041,0.7888601960989886
KNeighborsRegressor,0.7258342123814076,0.7182878212070518
LinearRegression,0.549267410971272,0.519870057836447
