,Train Score,Validation Score
XGBRegressor,0.8541726956739771,0.6977256324012593
SVR,0.8269543407626397,0.6837624260330699
RandomForestRegressor,0.9576043277559506,0.6804751168882226
LGBMRegressor,0.8726298776433975,0.6608385593745179
KNeighborsRegressor,0.5795747999062093,0.5551056173402225
LinearRegression,0.5546002322259704,0.1271363119506531
