,Train Score,Validation Score
SVR,0.8333794794419052,0.7302226927994195
LGBMRegressor,0.8841967827288311,0.7245057341652127
XGBRegressor,0.8583296308467436,0.7158381339786508
RandomForestRegressor,0.9603970091444646,0.6977894927747488
KNeighborsRegressor,0.5977436947704807,0.5824929847492492
LinearRegression,0.5941378757023962,0.379307545444561
